"Velocity: Magnitude (m/s)","X (m)","Y (m)","Z (m)"
1.04625578080309,300,400,30
0.992556447321079,300,500,30
1.28366290527328,300,300,30
1.27829203990045,300,200,30
1.06238418670783,300,100,30
