name,table,rotor_rpm,x,y,z,nx,ny,nz,rotor_radius,hub_radius,rotor_thick
turbine-01,DOE_RM-1,6.70415,189.647,100.37,45.1932,1,0,0,10,1,2
turbine-02,DOE_RM-1,6.69957,188.786,176.969,47.4944,1,0,0,10,1,2
turbine-03,DOE_RM-1,6.69635,188.988,250.017,49.0053,1,0,0,10,1,2
turbine-04,DOE_RM-1,6.6971,189.624,326.103,49.1969,1,0,0,10,1,2
turbine-05,DOE_RM-1,6.71035,188.096,400.007,45.6059,1,0,0,10,1,2
turbine-06,DOE_RM-1,7.04409,377.475,138.446,46.9134,1,0,0,10,1,2
turbine-07,DOE_RM-1,7.21944,378.532,213.212,46.3801,1,0,0,10,1,2
turbine-08,DOE_RM-1,7.22144,376.218,288.84,47.1189,1,0,0,10,1,2
turbine-09,DOE_RM-1,7.07983,378.925,363.374,45.8244,1,0,0,10,1,2
